feature_id,diff_of_means,mean_positive,mean_negative
23838,5.612033748626709,15.524884351094563,9.912850602467854
23130,3.4720925211906435,3.6746707638104756,0.20257824261983234
14773,3.1938357671101887,3.1938357671101887,0.0
21403,2.9551929543415705,3.000349982579549,0.04515702823797862
22197,-2.849247360229492,0.0,2.849247360229492
11991,-2.683661508560181,0.20996598402659097,2.8936274925867718
4643,2.630798503756523,2.7415539155403774,0.11075541178385416
12056,2.368050876259804,2.678863142927488,0.3108122666676839
21087,-2.1166755119959513,0.034513966242472334,2.1511894782384235
24373,1.4792880013585092,1.4853085041046143,0.006020502746105194
5431,-1.471344176928202,0.38933134973049166,1.8606755266586938
1501,-1.4551682472229004,0.04208418230215708,1.4972524295250575
13329,-1.3651936481396358,1.788108163078626,3.153301811218262
15976,-1.3576375007629395,0.0,1.3576375007629395
3635,-1.3369211773077647,0.39658319354057314,1.7335043708483378
16790,1.2832701981067656,5.014136171340942,3.7308659732341765
21874,-1.2213907122612,0.2621344208717346,1.4835251331329347
1171,1.177081823348999,1.3687422275543213,0.19166040420532227
7454,-1.175005183617274,0.0,1.175005183617274
302,1.1583382606506347,2.416100464264552,1.257762203613917
20116,1.1558253253499666,1.3128844181696573,0.15705909281969072
20354,1.144624980290731,1.2420250177383423,0.09740003744761148
11238,1.1368451178073884,1.5101280987262726,0.3732829809188843
23772,1.1331136067708334,1.1331136067708334,0.0
17541,1.112914248307546,1.408516025543213,0.2956017772356669
15184,-1.1106809695561728,0.21069790919621786,1.3213788787523906
859,1.1100374897321068,2.607010130087535,1.496972640355428
19254,-1.1041480233271916,0.0,1.1041480233271916
15913,1.0939190685749054,1.0939190685749054,0.0
17160,-1.0392523497343062,0.07826728324095408,1.1175196329752604
1839,1.001925140619278,1.001925140619278,0.0
7456,-0.9982927302519481,0.0,0.9982927302519481
8903,0.9956212202707928,1.3197881003220877,0.32416688005129496
7964,0.9888900339603424,0.9888900339603424,0.0
182,0.9788341065247854,0.9954718907674154,0.016637784242630006
3337,-0.9418293595314026,0.19416634241739908,1.1359957019488016
9984,0.9417286654313405,0.9417286654313405,0.0
20002,-0.8985209743181864,0.0,0.8985209743181864
870,0.8895853618780772,0.8895853618780772,0.0
24137,-0.8683606743812561,0.029983580112457275,0.8983442544937134
15903,0.8645079135894777,1.0724454243977866,0.2079375108083089
15732,0.8552833517392475,2.346865669886271,1.4915823181470236
17414,0.8498605589071908,1.6014379839102426,0.7515774250030518
18362,0.8412716627120972,0.8512022256851196,0.009930562973022462
6307,-0.8342391411463419,0.012023059527079265,0.8462622006734212
2272,-0.8205013990402221,0.0,0.8205013990402221
19578,0.814638098080953,0.814638098080953,0.0
56,-0.7958216905593872,0.3554909467697144,1.1513126373291016
901,0.7930906976262729,1.6043081680933635,0.8112174704670906
17836,0.7806451082229614,0.7815195401509603,0.0008744319279988606
23956,-0.7678206185499826,0.15175654689470927,0.9195771654446919
16021,-0.7434794108072915,2.290999404589335,3.0344788153966267
13910,0.7376099268595377,0.9424517909685771,0.20484186410903932
19081,-0.7371871868769329,0.11849696238835652,0.8556841492652894
9792,0.7299580877025922,0.8264154712359111,0.09645738353331884
15086,-0.72730480581522,0.15124678661425908,0.878551592429479
4982,-0.726643705368042,0.1134733279546102,0.8401170333226522
2769,0.7237417817115783,0.7237417817115783,0.0
1289,0.7185894270737966,0.8089260538419087,0.09033662676811219
5498,0.7175933460394541,0.7175933460394541,0.0
19912,0.7166034758090972,0.735916119813919,0.01931264400482178
739,0.7085121472676594,2.4227366924285887,1.7142245451609293
11391,0.706915878256162,0.9094298089543978,0.20251393069823584
21233,0.6991051534811656,0.7755104502042135,0.0764052967230479
6049,0.6790682216485341,0.6790682216485341,0.0
8494,-0.6757337749004364,0.0,0.6757337749004364
10301,-0.6642119050025939,1.7704517046610515,2.4346636096636454
17262,0.6639201171696186,0.6639201171696186,0.0
11723,-0.6623555461565653,0.21085604429244995,0.8732115904490153
187,0.6519366224606833,2.4921027620633445,1.8401661396026612
19769,0.6493107755978902,1.1234894553820292,0.474178679784139
8947,-0.6233412901560466,0.0,0.6233412901560466
20737,0.6191040982802709,0.8347871114810308,0.2156830132007599
7701,0.6054379026095073,0.6054379026095073,0.0
19313,0.6019352267185847,0.6019352267185847,0.0
13807,0.592784818013509,1.0002089977264403,0.4074241797129313
24241,0.5908517042795817,0.5948860168457031,0.00403431256612142
15049,0.5901192029317217,2.9180732091267902,2.3279540061950685
23900,0.5865473330020904,1.0369921445846557,0.45044481158256533
24468,0.5773874918619786,5.545256487528483,4.967868995666504
793,-0.5702898065249126,0.0,0.5702898065249126
3030,0.5621542990207672,0.7962709327538808,0.23411663373311362
2832,-0.5528800735870997,0.05966557661692302,0.6125456502040227
194,-0.5515512148539226,0.0,0.5515512148539226
6757,0.5373360951741536,0.5373360951741536,0.0
6964,-0.5314917465051014,0.10116184254487355,0.632653589049975
24546,-0.5268070022265117,0.08218275556961695,0.6089897577961286
20451,-0.5249757726987203,0.05195865432421366,0.576934427022934
16020,0.5183393478393554,0.5656414071718852,0.047302059332529706
4541,-0.5166506449381512,4.381753444671631,4.898404089609782
3629,-0.513498267531395,0.2380997657775879,0.7515980333089829
6748,-0.5041233042875926,0.10842013657093048,0.6125434408585231
7976,0.49971053153276446,0.49971053153276446,0.0
21121,-0.4996066530545553,0.03758997519810994,0.5371966282526652
3522,-0.4955511470635732,0.16146583954493204,0.6570169866085053
24069,-0.49423303604125973,0.08419359723726909,0.5784266332785288
14641,0.4914367238680522,0.7934599379698436,0.3020232141017914
18483,-0.4885607620080312,0.37139915823936465,0.8599599202473959
5574,-0.4882287537058194,0.0697329302628835,0.5579616839687029
12860,-0.48800434668858844,0.0,0.48800434668858844
